MP4, , FrmNum,,,,FrmNumRatio(%),,, FrmSize(Byte),,,, FrmSizeRatio(%),,,AvgSize(Byte),,,,MaxSize(Byte),,,MinSize(Byte),,, Compressed Ratio, , , , Bit Rate(kbps), , , , , , , , Frame PSNR(db), , , , , , , , , , Frame QP, , , , , , , , , ,
MP4, Filesize(MB), All,I,P,B, I, P, B, All, I, P, B, I, P, B, Avg, I, P, B, I, P, B, I, P, B, Avg, I, P, B , avg, avgfps30, 1s, 2s, 3s, 4s, 5s, 6s, Avg, I, P, B, MaxI, MaxP, MaxB, MinI, MinP, MinB, Avg, I, P, B, MaxI, MaxP, MaxB, MinI, MinP, MinB
Android-MX6-GalaxyJ7-APPS-01-Douyin.mp4, 2.42, 318, 2, 201, 115, .62, 63.20, 36.16, 2296295, 71579, 1945901, 278815, 3.11, 84.74, 12.14,7221.05, 35789.50, 9681.09, 2424.47, 39208, 25537, 7846, 32371, 4610, 29, 107.68, 21.72, 80.32, 320.72,1226.23, 1692.43, 0, 0, 0, 0, 0, 0, 39.91, 42.22, 39.97, 39.77, 43.42, 42.36, 42.26, 41.02, 35.23, 35.96,25.17, 23.00, 24.11, 27.06, 24.00, 26.00, 32.00, 22.00, 22.00, 24.00
Android-MX6-GalaxyJ7-APPS-02-Douyin.mp4, 1.57, 166, 2, 94, 70, 1.20, 56.62, 42.16, 1478317, 114525, 1180596, 183196, 7.74, 79.86, 12.39,8905.52, 57262.50, 12559.53, 2617.08, 57863, 33642, 9967, 56662, 93, 26, 87.31, 13.57, 61.91, 297.12,1121.29, 2088.49, 0, 0, 0, 0, 0, 0, 38.09, 42.63, 38.24, 37.76, 43.79, 43.01, 47.50, 41.47, 29.90, 29.93,26.21, 20.50, 24.12, 29.18, 22.00, 30.00, 34.00, 19.00, 19.00, 26.00
Android-MX6-GalaxyJ7-APPS-03-Douyin.mp4, 1.37, 137, 1, 65, 71, .72, 47.44, 51.82, 1266596, 70818, 1039214, 156564, 5.59, 82.04, 12.36,9245.22, 70818.00, 15987.90, 2205.12, 70818, 36456, 10183, 70818, 5754, 67, 84.10, 10.98, 48.63, 352.63,953.30, 2170.01, 0, 0, 0, 0, 0, 0, 36.80, 40.73, 36.69, 36.84, 40.73, 40.43, 41.08, 40.73, 33.40, 32.79,26.99, 22.00, 25.13, 28.76, 22.00, 28.00, 32.00, 22.00, 23.00, 25.00
Android-MX6-GalaxyJ7-APPS-03-Galaxy-Douyin.mp4, 3.64, 327, 5, 322, 0, 1.52, 98.47, 0, 3597143, 192088, 3405055, 0, 5.34, 94.65, 0,11000.43, 38417.60, 10574.70, , 66020, 21721, 0, 26563, 4643, 0, 32.11, 9.19, 33.40, ,2063.33, 2578.22, 2983.28, 2485.55, 2312.65, 2235.06, 2231.24, 2156.75, 33.24, 35.93, 33.20, , 42.09, 36.94, 0, 32.15, 30.50, 0,29.57, 26.80, 29.61, , 31.00, 33.00, 0, 20.00, 25.00, 0
Android-MX6-GalaxyJ7-APPS-04-Douyin.mp4, 1.43, 110, 3, 46, 61, 2.72, 41.81, 55.45, 1330068, 263903, 849169, 216996, 19.84, 63.84, 16.31,12091.52, 87967.66, 18460.19, 3557.31, 95515, 49066, 13719, 76785, 4057, 48, 64.30, 8.83, 42.12, 218.59,1029.84, 2839.11, 0, 0, 0, 0, 0, 0, 38.97, 41.02, 38.74, 39.04, 41.45, 47.27, 50.36, 40.28, 36.15, 35.77,24.65, 20.66, 23.97, 25.36, 22.00, 27.00, 30.00, 20.00, 22.00, 16.00
Android-MX6-GalaxyJ7-APPS-05-Douyin.mp4, .84, 126, 2, 74, 50, 1.58, 58.73, 39.68, 717656, 51475, 554281, 111900, 7.17, 77.23, 15.59,5695.68, 25737.50, 7490.28, 2238.00, 28748, 16143, 8794, 22727, 2912, 127, 136.52, 30.21, 103.81, 347.45,581.00, 1334.92, 0, 0, 0, 0, 0, 0, 43.42, 44.85, 43.67, 43.01, 45.64, 55.30, 44.95, 44.06, 35.94, 40.48,20.43, 18.50, 20.55, 20.34, 19.00, 23.00, 27.00, 18.00, 19.00, 12.00
Android-MX6-GalaxyJ7-APPS-06-Douyin.mp4, .62, 147, 1, 102, 44, .68, 69.38, 29.93, 539748, 11833, 450726, 77189, 2.19, 83.50, 14.30,3671.75, 11833.00, 4418.88, 1754.29, 11833, 8249, 3859, 11833, 2412, 414, 211.77, 65.71, 175.97, 443.25,639.87, 860.56, 0, 0, 0, 0, 0, 0, 43.06, 43.90, 42.99, 43.20, 43.90, 48.14, 44.98, 43.90, 40.72, 40.96,22.10, 22.00, 22.18, 21.93, 22.00, 24.00, 24.00, 22.00, 21.00, 17.00
Android-MX6-GalaxyJ7-APPS-07-Douyin.mp4, 1.28, 262, 2, 125, 135, .76, 47.70, 51.52, 1134871, 57200, 813996, 263675, 5.04, 71.72, 23.23,4331.56, 28600.00, 6511.96, 1953.14, 30415, 11414, 4462, 26785, 1606, 193, 179.51, 27.18, 119.41, 398.12,746.31, 1015.59, 0, 0, 0, 0, 0, 0, 42.96, 43.60, 42.92, 43.00, 44.86, 51.84, 53.29, 42.35, 39.49, 40.00,20.14, 18.50, 20.34, 19.97, 20.00, 23.00, 22.00, 17.00, 19.00, 14.00
Android-MX6-GalaxyJ7-APPS-08-Douyin.mp4, 2.06, 231, 1, 95, 135, .43, 41.12, 58.44, 1976279, 84492, 1603985, 287802, 4.27, 81.16, 14.56,8555.32, 84492.00, 16884.05, 2131.86, 84492, 24871, 6967, 84492, 6309, 121, 90.89, 9.20, 46.05, 364.75,1420.39, 2005.15, 0, 0, 0, 0, 0, 0, 38.26, 39.68, 37.86, 38.52, 39.68, 45.27, 42.48, 39.68, 26.04, 29.00,26.38, 23.00, 24.34, 27.85, 23.00, 34.00, 38.00, 23.00, 23.00, 22.00
Android-MX6-GalaxyJ7-APPS-09-Douyin.mp4, 1.32, 100, 2, 48, 50, 2.00, 48.00, 50.00, 1246644, 165629, 901995, 179020, 13.28, 72.35, 14.36,12466.44, 82814.50, 18791.56, 3580.40, 98143, 55714, 18638, 67486, 76, 22, 62.37, 9.38, 41.38, 217.18,1149.87, 2924.74, 0, 0, 0, 0, 0, 0, 40.68, 41.92, 40.78, 40.54, 43.08, 55.30, 56.30, 40.77, 31.46, 31.09,22.70, 19.50, 22.89, 22.64, 21.00, 27.00, 31.00, 18.00, 18.00, 11.00
Android-MX6-GalaxyJ7-Douyin-Self-01-Galaxy.mp4, 1.27, 157, 1, 101, 55, .63, 64.33, 35.03, 1214909, 23802, 1011791, 179316, 1.95, 83.28, 14.75,7738.27, 23802.00, 10017.73, 3260.29, 23802, 29468, 13908, 23802, 3987, 466, 100.48, 32.66, 77.62, 238.50,1357.86, 1814.81, 0, 0, 0, 0, 0, 0, 38.71, 39.37, 38.87, 38.41, 39.37, 42.83, 40.74, 39.37, 35.28, 35.74,25.70, 25.00, 24.83, 27.30, 25.00, 28.00, 31.00, 25.00, 23.00, 21.00
Android-MX6-GalaxyJ7-Douyin-Self-01-MX6.mp4, 1.64, 215, 1, 130, 84, .46, 60.46, 39.06, 1591487, 51030, 1351693, 188764, 3.20, 84.93, 11.86,7402.26, 51030.00, 10397.63, 2247.19, 51030, 30902, 9347, 51030, 4097, 91, 105.04, 15.23, 74.78, 346.03,1644.64, 1736.52, 0, 0, 0, 0, 0, 0, 36.65, 38.76, 36.52, 36.82, 38.76, 41.52, 44.73, 38.76, 31.81, 32.21,27.13, 24.00, 26.05, 28.85, 24.00, 30.00, 34.00, 24.00, 24.00, 18.00
Android-MX6-GalaxyJ7-Douyin-Self-02-Galaxy.mp4, 1.04, 142, 1, 108, 33, .70, 76.05, 23.23, 990424, 40724, 869167, 80533, 4.11, 87.75, 8.13,6974.81, 40724.00, 8047.84, 2440.39, 40724, 15150, 7423, 40724, 4336, 180, 111.48, 19.09, 96.62, 318.63,1250.03, 1635.87, 0, 0, 0, 0, 0, 0, 39.37, 40.28, 39.42, 39.17, 40.28, 42.50, 40.74, 40.28, 36.15, 36.64,25.16, 23.00, 24.79, 26.42, 23.00, 27.00, 28.00, 23.00, 23.00, 22.00
Android-MX6-GalaxyJ7-Douyin-Self-02-MX6.mp4, 1.28, 138, 1, 84, 53, .72, 60.86, 38.40, 1233058, 59614, 1038365, 135079, 4.83, 84.21, 10.95,8935.20, 59614.00, 12361.48, 2548.66, 59614, 21668, 6522, 59614, 432, 58, 87.02, 13.04, 62.90, 305.10,1482.04, 2094.18, 0, 0, 0, 0, 0, 0, 37.55, 39.54, 37.66, 37.35, 39.54, 53.29, 43.53, 39.54, 32.70, 32.29,26.25, 23.00, 25.39, 27.67, 23.00, 28.00, 32.00, 23.00, 23.00, 14.00
Android-MX6-GalaxyJ7-Douyin-Self-03-Galaxy.mp4, 1.50, 178, 1, 96, 81, .56, 53.93, 45.50, 1414555, 44658, 1050947, 318950, 3.15, 74.29, 22.54,7946.93, 44658.00, 10947.36, 3937.65, 44658, 18327, 11642, 44658, 5646, 203, 97.84, 17.41, 71.03, 197.47,1205.14, 1863.61, 0, 0, 0, 0, 0, 0, 39.66, 41.33, 39.32, 40.05, 41.33, 43.24, 43.02, 41.33, 35.70, 36.47,24.79, 22.00, 24.08, 25.67, 22.00, 27.00, 28.00, 22.00, 21.00, 22.00
Android-MX6-GalaxyJ7-Douyin-Self-03-MX6.mp4, 1.35, 129, 1, 55, 73, .77, 42.63, 56.58, 1282464, 73492, 930757, 278215, 5.73, 72.57, 21.69,9941.58, 73492.00, 16922.85, 3811.16, 73492, 29643, 14325, 73492, 46, 23, 78.21, 10.58, 45.94, 204.03,1197.04, 2330.05, 0, 0, 0, 0, 1249.18, 0, 38.48, 40.84, 38.05, 38.77, 40.84, 54.30, 47.60, 40.84, 32.26, 32.72,25.26, 22.00, 23.85, 26.36, 22.00, 27.00, 30.00, 22.00, 20.00, 13.00
